<?xml version="1.0" encoding="UTF-8" standalone="yes" ?>
<!DOCTYPE boost_serialization>
<boost_serialization signature="serialization::archive" version="4">
<DB class_id="0" tracking_level="1" version="0" object_id="_0">
	<distLSB_>0.2</distLSB_>
	<position_ class_id="1" tracking_level="0" version="0">
		<xyz>
			<count>3</count>
			<item>0</item>
			<item>0</item>
			<item>0</item>
		</xyz>
	</position_>
	<orientation_ class_id="2" tracking_level="0" version="0">
		<rpy>
			<count>3</count>
			<item>0</item>
			<item>0</item>
			<item>0</item>
		</rpy>
	</orientation_>
	<colors_ class_id="3" tracking_level="0" version="0">
		<count>64</count>
		<item_version>0</item_version>
		<item class_id="4" tracking_level="0" version="0">
			<rgb>
				<count>3</count>
				<item>0.84018773</item>
				<item>0.39438292</item>
				<item>0.78309923</item>
			</rgb>
		</item>
		<item>
			<rgb>
				<count>3</count>
				<item>0.840177</item>
				<item>0.77233541</item>
				<item>0.39436942</item>
			</rgb>
		</item>
		<item>
			<rgb>
				<count>3</count>
				<item>0.08879225</item>
				<item>0.8096742</item>
				<item>0.71766233</item>
			</rgb>
		</item>
		<item>
			<rgb>
				<count>3</count>
				<item>0.70946825</item>
				<item>0.40906385</item>
				<item>0.82345313</item>
			</rgb>
		</item>
		<item>
			<rgb>
				<count>3</count>
				<item>0.5796597</item>
				<item>0.9642939</item>
				<item>0.064805068</item>
			</rgb>
		</item>
		<item>
			<rgb>
				<count>3</count>
				<item>0.32542917</item>
				<item>0.69379723</item>
				<item>1</item>
			</rgb>
		</item>
		<item>
			<rgb>
				<count>3</count>
				<item>0.96250856</item>
				<item>0.7900511</item>
				<item>0.13542382</item>
			</rgb>
		</item>
		<item>
			<rgb>
				<count>3</count>
				<item>0.91102463</item>
				<item>0.34070343</item>
				<item>0.050705731</item>
			</rgb>
		</item>
		<item>
			<rgb>
				<count>3</count>
				<item>0.35276073</item>
				<item>0.78958958</item>
				<item>0.90582585</item>
			</rgb>
		</item>
		<item>
			<rgb>
				<count>3</count>
				<item>0.21438926</item>
				<item>0.69950408</item>
				<item>0.20341802</item>
			</rgb>
		</item>
		<item>
			<rgb>
				<count>3</count>
				<item>0.085374229</item>
				<item>0.94720376</item>
				<item>0.88781565</item>
			</rgb>
		</item>
		<item>
			<rgb>
				<count>3</count>
				<item>0.98643476</item>
				<item>0.97503626</item>
				<item>0.034851607</item>
			</rgb>
		</item>
		<item>
			<rgb>
				<count>3</count>
				<item>0.7856003</item>
				<item>0.44017774</item>
				<item>0.11511882</item>
			</rgb>
		</item>
		<item>
			<rgb>
				<count>3</count>
				<item>0.63264316</item>
				<item>0.34141558</item>
				<item>0.9041099</item>
			</rgb>
		</item>
		<item>
			<rgb>
				<count>3</count>
				<item>0.94122225</item>
				<item>0.072755016</item>
				<item>0.85761809</item>
			</rgb>
		</item>
		<item>
			<rgb>
				<count>3</count>
				<item>0.95754939</item>
				<item>0.9211719</item>
				<item>0.21469444</item>
			</rgb>
		</item>
		<item>
			<rgb>
				<count>3</count>
				<item>0.94947737</item>
				<item>0.55008775</item>
				<item>0.44551766</item>
			</rgb>
		</item>
		<item>
			<rgb>
				<count>3</count>
				<item>0.89275962</item>
				<item>0.85084307</item>
				<item>0.01608301</item>
			</rgb>
		</item>
		<item>
			<rgb>
				<count>3</count>
				<item>0.91799802</item>
				<item>0.49231708</item>
				<item>0.78014803</item>
			</rgb>
		</item>
		<item>
			<rgb>
				<count>3</count>
				<item>0.55109483</item>
				<item>0.75539786</item>
				<item>0.21551843</item>
			</rgb>
		</item>
		<item>
			<rgb>
				<count>3</count>
				<item>0.14881226</item>
				<item>0.7401194</item>
				<item>0.53116983</item>
			</rgb>
		</item>
		<item>
			<rgb>
				<count>3</count>
				<item>0.93394369</item>
				<item>0.39975587</item>
				<item>0.67215991</item>
			</rgb>
		</item>
		<item>
			<rgb>
				<count>3</count>
				<item>0.86502695</item>
				<item>0.56639397</item>
				<item>0.63385367</item>
			</rgb>
		</item>
		<item>
			<rgb>
				<count>3</count>
				<item>0.50551611</item>
				<item>0.94326693</item>
				<item>0.48421454</item>
			</rgb>
		</item>
		<item>
			<rgb>
				<count>3</count>
				<item>0.087714233</item>
				<item>0.89877903</item>
				<item>0.2479341</item>
			</rgb>
		</item>
		<item>
			<rgb>
				<count>3</count>
				<item>0.93935621</item>
				<item>0.80573922</item>
				<item>0.04233218</item>
			</rgb>
		</item>
		<item>
			<rgb>
				<count>3</count>
				<item>0.09033341</item>
				<item>0.87373161</item>
				<item>0.9662928</item>
			</rgb>
		</item>
		<item>
			<rgb>
				<count>3</count>
				<item>0.13539331</item>
				<item>0.65983063</item>
				<item>0.28789195</item>
			</rgb>
		</item>
		<item>
			<rgb>
				<count>3</count>
				<item>0.96635383</item>
				<item>0.28834975</item>
				<item>0.057038225</item>
			</rgb>
		</item>
		<item>
			<rgb>
				<count>3</count>
				<item>0.600824</item>
				<item>0.96617073</item>
				<item>0.10191501</item>
			</rgb>
		</item>
		<item>
			<rgb>
				<count>3</count>
				<item>0.90740824</item>
				<item>0.95980775</item>
				<item>0.95391774</item>
			</rgb>
		</item>
		<item>
			<rgb>
				<count>3</count>
				<item>0.59211904</item>
				<item>0.78711683</item>
				<item>0.86269605</item>
			</rgb>
		</item>
		<item>
			<rgb>
				<count>3</count>
				<item>0.028625926</item>
				<item>0.98828107</item>
				<item>0.30778974</item>
			</rgb>
		</item>
		<item>
			<rgb>
				<count>3</count>
				<item>0.59491873</item>
				<item>0.35182726</item>
				<item>0.87454033</item>
			</rgb>
		</item>
		<item>
			<rgb>
				<count>3</count>
				<item>0.7464866</item>
				<item>0.51860839</item>
				<item>0.8450141</item>
			</rgb>
		</item>
		<item>
			<rgb>
				<count>3</count>
				<item>0.32484931</item>
				<item>0.38410011</item>
				<item>0.86562908</item>
			</rgb>
		</item>
		<item>
			<rgb>
				<count>3</count>
				<item>0.96064699</item>
				<item>0.052674145</item>
				<item>0.67904174</item>
			</rgb>
		</item>
		<item>
			<rgb>
				<count>3</count>
				<item>0.31248951</item>
				<item>0.92227054</item>
				<item>0.48648813</item>
			</rgb>
		</item>
		<item>
			<rgb>
				<count>3</count>
				<item>0.054489966</item>
				<item>0.95574886</item>
				<item>0.28729686</item>
			</rgb>
		</item>
		<item>
			<rgb>
				<count>3</count>
				<item>0.95848018</item>
				<item>0.93113601</item>
				<item>0.10840009</item>
			</rgb>
		</item>
		<item>
			<rgb>
				<count>3</count>
				<item>0.95097274</item>
				<item>0.94096285</item>
				<item>0.32806897</item>
			</rgb>
		</item>
		<item>
			<rgb>
				<count>3</count>
				<item>0.9619745</item>
				<item>0.034027617</item>
				<item>0.78579384</item>
			</rgb>
		</item>
		<item>
			<rgb>
				<count>3</count>
				<item>0.94944686</item>
				<item>0.82970929</item>
				<item>0.037186235</item>
			</rgb>
		</item>
		<item>
			<rgb>
				<count>3</count>
				<item>0.97222859</item>
				<item>0.62723738</item>
				<item>0.065781645</item>
			</rgb>
		</item>
		<item>
			<rgb>
				<count>3</count>
				<item>0.92346072</item>
				<item>0.96305794</item>
				<item>0.93403524</item>
			</rgb>
		</item>
		<item>
			<rgb>
				<count>3</count>
				<item>0.98861676</item>
				<item>0</item>
				<item>0.76792556</item>
			</rgb>
		</item>
		<item>
			<rgb>
				<count>3</count>
				<item>0.26213473</item>
				<item>0.95156789</item>
				<item>0.94323641</item>
			</rgb>
		</item>
		<item>
			<rgb>
				<count>3</count>
				<item>0.41365683</item>
				<item>0.97004652</item>
				<item>0.078889146</item>
			</rgb>
		</item>
		<item>
			<rgb>
				<count>3</count>
				<item>0.85752654</item>
				<item>0.1990692</item>
				<item>0.22206454</item>
			</rgb>
		</item>
		<item>
			<rgb>
				<count>3</count>
				<item>0.053299762</item>
				<item>0.93763638</item>
				<item>0.99444574</item>
			</rgb>
		</item>
		<item>
			<rgb>
				<count>3</count>
				<item>0.8943212</item>
				<item>0.62864298</item>
				<item>0.10409617</item>
			</rgb>
		</item>
		<item>
			<rgb>
				<count>3</count>
				<item>0.76058036</item>
				<item>0.048754983</item>
				<item>0.91462308</item>
			</rgb>
		</item>
		<item>
			<rgb>
				<count>3</count>
				<item>0.83480585</item>
				<item>0.70650798</item>
				<item>0.51032275</item>
			</rgb>
		</item>
		<item>
			<rgb>
				<count>3</count>
				<item>0.89080644</item>
				<item>0.12384222</item>
				<item>0.26840618</item>
			</rgb>
		</item>
		<item>
			<rgb>
				<count>3</count>
				<item>0.32953385</item>
				<item>0.81698328</item>
				<item>0.51252002</item>
			</rgb>
		</item>
		<item>
			<rgb>
				<count>3</count>
				<item>0.39465934</item>
				<item>0.75048447</item>
				<item>0.75953305</item>
			</rgb>
		</item>
		<item>
			<rgb>
				<count>3</count>
				<item>0.92498666</item>
				<item>0.94149691</item>
				<item>0.12957962</item>
			</rgb>
		</item>
		<item>
			<rgb>
				<count>3</count>
				<item>0.91115069</item>
				<item>0.52652103</item>
				<item>0.73026121</item>
			</rgb>
		</item>
		<item>
			<rgb>
				<count>3</count>
				<item>0.76655</item>
				<item>0.93766737</item>
				<item>0.031084489</item>
			</rgb>
		</item>
		<item>
			<rgb>
				<count>3</count>
				<item>0.12669764</item>
				<item>0.85318863</item>
				<item>0.33537352</item>
			</rgb>
		</item>
		<item>
			<rgb>
				<count>3</count>
				<item>0.9853164</item>
				<item>0.26496059</item>
				<item>0.13821837</item>
			</rgb>
		</item>
		<item>
			<rgb>
				<count>3</count>
				<item>0.84317338</item>
				<item>0.17844476</item>
				<item>0.94212615</item>
			</rgb>
		</item>
		<item>
			<rgb>
				<count>3</count>
				<item>0.69955063</item>
				<item>0.59048992</item>
				<item>0.74391818</item>
			</rgb>
		</item>
		<item>
			<rgb>
				<count>3</count>
				<item>0.67139697</item>
				<item>0.87832457</item>
				<item>0.69022661</item>
			</rgb>
		</item>
	</colors_>
	<enabled_>
		<count>64</count>
		<item>1</item>
		<item>1</item>
		<item>1</item>
		<item>1</item>
		<item>1</item>
		<item>1</item>
		<item>1</item>
		<item>1</item>
		<item>1</item>
		<item>1</item>
		<item>1</item>
		<item>1</item>
		<item>1</item>
		<item>1</item>
		<item>1</item>
		<item>1</item>
		<item>0</item>
		<item>0</item>
		<item>0</item>
		<item>0</item>
		<item>0</item>
		<item>0</item>
		<item>0</item>
		<item>0</item>
		<item>0</item>
		<item>0</item>
		<item>0</item>
		<item>0</item>
		<item>0</item>
		<item>0</item>
		<item>0</item>
		<item>0</item>
		<item>0</item>
		<item>0</item>
		<item>0</item>
		<item>0</item>
		<item>0</item>
		<item>0</item>
		<item>0</item>
		<item>0</item>
		<item>0</item>
		<item>0</item>
		<item>0</item>
		<item>0</item>
		<item>0</item>
		<item>0</item>
		<item>0</item>
		<item>0</item>
		<item>0</item>
		<item>0</item>
		<item>0</item>
		<item>0</item>
		<item>0</item>
		<item>0</item>
		<item>0</item>
		<item>0</item>
		<item>0</item>
		<item>0</item>
		<item>0</item>
		<item>0</item>
		<item>0</item>
		<item>0</item>
		<item>0</item>
		<item>0</item>
	</enabled_>
	<intensity_>
		<count>64</count>
		<item>1</item>
		<item>1</item>
		<item>1</item>
		<item>1</item>
		<item>1</item>
		<item>1</item>
		<item>1</item>
		<item>1</item>
		<item>1</item>
		<item>1</item>
		<item>1</item>
		<item>1</item>
		<item>1</item>
		<item>1</item>
		<item>1</item>
		<item>1</item>
		<item>1</item>
		<item>1</item>
		<item>1</item>
		<item>1</item>
		<item>1</item>
		<item>1</item>
		<item>1</item>
		<item>1</item>
		<item>1</item>
		<item>1</item>
		<item>1</item>
		<item>1</item>
		<item>1</item>
		<item>1</item>
		<item>1</item>
		<item>1</item>
		<item>1</item>
		<item>1</item>
		<item>1</item>
		<item>1</item>
		<item>1</item>
		<item>1</item>
		<item>1</item>
		<item>1</item>
		<item>1</item>
		<item>1</item>
		<item>1</item>
		<item>1</item>
		<item>1</item>
		<item>1</item>
		<item>1</item>
		<item>1</item>
		<item>1</item>
		<item>1</item>
		<item>1</item>
		<item>1</item>
		<item>1</item>
		<item>1</item>
		<item>1</item>
		<item>1</item>
		<item>1</item>
		<item>1</item>
		<item>1</item>
		<item>1</item>
		<item>1</item>
		<item>1</item>
		<item>1</item>
		<item>1</item>
	</intensity_>
	<minIntensity_>
		<count>64</count>
		<item_version>0</item_version>
		<item>0</item>
		<item>0</item>
		<item>0</item>
		<item>0</item>
		<item>0</item>
		<item>0</item>
		<item>0</item>
		<item>0</item>
		<item>0</item>
		<item>0</item>
		<item>0</item>
		<item>0</item>
		<item>0</item>
		<item>0</item>
		<item>0</item>
		<item>0</item>
		<item>0</item>
		<item>0</item>
		<item>0</item>
		<item>0</item>
		<item>0</item>
		<item>0</item>
		<item>0</item>
		<item>0</item>
		<item>0</item>
		<item>0</item>
		<item>0</item>
		<item>0</item>
		<item>0</item>
		<item>0</item>
		<item>0</item>
		<item>0</item>
		<item>0</item>
		<item>0</item>
		<item>0</item>
		<item>0</item>
		<item>0</item>
		<item>0</item>
		<item>0</item>
		<item>0</item>
		<item>0</item>
		<item>0</item>
		<item>0</item>
		<item>0</item>
		<item>0</item>
		<item>0</item>
		<item>0</item>
		<item>0</item>
		<item>0</item>
		<item>0</item>
		<item>0</item>
		<item>0</item>
		<item>0</item>
		<item>0</item>
		<item>0</item>
		<item>0</item>
		<item>0</item>
		<item>0</item>
		<item>0</item>
		<item>0</item>
		<item>0</item>
		<item>0</item>
		<item>0</item>
		<item>0</item>
	</minIntensity_>
	<maxIntensity_>
		<count>64</count>
		<item_version>0</item_version>
		<item>255</item>
		<item>255</item>
		<item>255</item>
		<item>255</item>
		<item>255</item>
		<item>255</item>
		<item>255</item>
		<item>255</item>
		<item>255</item>
		<item>255</item>
		<item>255</item>
		<item>255</item>
		<item>255</item>
		<item>255</item>
		<item>255</item>
		<item>255</item>
		<item>255</item>
		<item>255</item>
		<item>255</item>
		<item>255</item>
		<item>255</item>
		<item>255</item>
		<item>255</item>
		<item>255</item>
		<item>255</item>
		<item>255</item>
		<item>255</item>
		<item>255</item>
		<item>255</item>
		<item>255</item>
		<item>255</item>
		<item>255</item>
		<item>255</item>
		<item>255</item>
		<item>255</item>
		<item>255</item>
		<item>255</item>
		<item>255</item>
		<item>255</item>
		<item>255</item>
		<item>255</item>
		<item>255</item>
		<item>255</item>
		<item>255</item>
		<item>255</item>
		<item>255</item>
		<item>255</item>
		<item>255</item>
		<item>255</item>
		<item>255</item>
		<item>255</item>
		<item>255</item>
		<item>255</item>
		<item>255</item>
		<item>255</item>
		<item>255</item>
		<item>255</item>
		<item>255</item>
		<item>255</item>
		<item>255</item>
		<item>255</item>
		<item>255</item>
		<item>255</item>
		<item>255</item>
	</maxIntensity_>
	<points_ class_id="7" tracking_level="0" version="0">
		<count>64</count>
		<item_version>1</item_version>
		<item class_id="8" tracking_level="0" version="1">
			<px class_id="9" tracking_level="1" version="1" object_id="_1">
				<id_>0</id_>
				<rotCorrection_>0</rotCorrection_>
				<vertCorrection_>-15</vertCorrection_>
				<distCorrection_>0</distCorrection_>
				<distCorrectionX_>0</distCorrectionX_>
				<distCorrectionY_>0</distCorrectionY_>
				<vertOffsetCorrection_>0</vertOffsetCorrection_>
				<horizOffsetCorrection_>0</horizOffsetCorrection_>
				<focalDistance_>0</focalDistance_>
				<focalSlope_>0</focalSlope_>
			</px>
		</item>
		<item>
			<px class_id_reference="9" object_id="_2">
				<id_>1</id_>
				<rotCorrection_>0</rotCorrection_>
				<vertCorrection_>1</vertCorrection_>
				<distCorrection_>0</distCorrection_>
				<distCorrectionX_>0</distCorrectionX_>
				<distCorrectionY_>0</distCorrectionY_>
				<vertOffsetCorrection_>0</vertOffsetCorrection_>
				<horizOffsetCorrection_>0</horizOffsetCorrection_>
				<focalDistance_>0</focalDistance_>
				<focalSlope_>0</focalSlope_>
			</px>
		</item>
		<item>
			<px class_id_reference="9" object_id="_3">
				<id_>2</id_>
				<rotCorrection_>0</rotCorrection_>
				<vertCorrection_>-13</vertCorrection_>
				<distCorrection_>0</distCorrection_>
				<distCorrectionX_>0</distCorrectionX_>
				<distCorrectionY_>0</distCorrectionY_>
				<vertOffsetCorrection_>0</vertOffsetCorrection_>
				<horizOffsetCorrection_>0</horizOffsetCorrection_>
				<focalDistance_>0</focalDistance_>
				<focalSlope_>0</focalSlope_>
			</px>
		</item>
		<item>
			<px class_id_reference="9" object_id="_4">
				<id_>3</id_>
				<rotCorrection_>0</rotCorrection_>
				<vertCorrection_>3</vertCorrection_>
				<distCorrection_>0</distCorrection_>
				<distCorrectionX_>0</distCorrectionX_>
				<distCorrectionY_>0</distCorrectionY_>
				<vertOffsetCorrection_>0</vertOffsetCorrection_>
				<horizOffsetCorrection_>0</horizOffsetCorrection_>
				<focalDistance_>0</focalDistance_>
				<focalSlope_>0</focalSlope_>
			</px>
		</item>
		<item>
			<px class_id_reference="9" object_id="_5">
				<id_>4</id_>
				<rotCorrection_>0</rotCorrection_>
				<vertCorrection_>-11</vertCorrection_>
				<distCorrection_>0</distCorrection_>
				<distCorrectionX_>0</distCorrectionX_>
				<distCorrectionY_>0</distCorrectionY_>
				<vertOffsetCorrection_>0</vertOffsetCorrection_>
				<horizOffsetCorrection_>0</horizOffsetCorrection_>
				<focalDistance_>0</focalDistance_>
				<focalSlope_>0</focalSlope_>
			</px>
		</item>
		<item>
			<px class_id_reference="9" object_id="_6">
				<id_>5</id_>
				<rotCorrection_>0</rotCorrection_>
				<vertCorrection_>5</vertCorrection_>
				<distCorrection_>0</distCorrection_>
				<distCorrectionX_>0</distCorrectionX_>
				<distCorrectionY_>0</distCorrectionY_>
				<vertOffsetCorrection_>0</vertOffsetCorrection_>
				<horizOffsetCorrection_>0</horizOffsetCorrection_>
				<focalDistance_>0</focalDistance_>
				<focalSlope_>0</focalSlope_>
			</px>
		</item>
		<item>
			<px class_id_reference="9" object_id="_7">
				<id_>6</id_>
				<rotCorrection_>0</rotCorrection_>
				<vertCorrection_>-9</vertCorrection_>
				<distCorrection_>0</distCorrection_>
				<distCorrectionX_>0</distCorrectionX_>
				<distCorrectionY_>0</distCorrectionY_>
				<vertOffsetCorrection_>0</vertOffsetCorrection_>
				<horizOffsetCorrection_>0</horizOffsetCorrection_>
				<focalDistance_>0</focalDistance_>
				<focalSlope_>0</focalSlope_>
			</px>
		</item>
		<item>
			<px class_id_reference="9" object_id="_8">
				<id_>7</id_>
				<rotCorrection_>0</rotCorrection_>
				<vertCorrection_>7</vertCorrection_>
				<distCorrection_>0</distCorrection_>
				<distCorrectionX_>0</distCorrectionX_>
				<distCorrectionY_>0</distCorrectionY_>
				<vertOffsetCorrection_>0</vertOffsetCorrection_>
				<horizOffsetCorrection_>0</horizOffsetCorrection_>
				<focalDistance_>0</focalDistance_>
				<focalSlope_>0</focalSlope_>
			</px>
		</item>
		<item>
			<px class_id_reference="9" object_id="_9">
				<id_>8</id_>
				<rotCorrection_>0</rotCorrection_>
				<vertCorrection_>-7</vertCorrection_>
				<distCorrection_>0</distCorrection_>
				<distCorrectionX_>0</distCorrectionX_>
				<distCorrectionY_>0</distCorrectionY_>
				<vertOffsetCorrection_>0</vertOffsetCorrection_>
				<horizOffsetCorrection_>0</horizOffsetCorrection_>
				<focalDistance_>0</focalDistance_>
				<focalSlope_>0</focalSlope_>
			</px>
		</item>
		<item>
			<px class_id_reference="9" object_id="_10">
				<id_>9</id_>
				<rotCorrection_>0</rotCorrection_>
				<vertCorrection_>9</vertCorrection_>
				<distCorrection_>0</distCorrection_>
				<distCorrectionX_>0</distCorrectionX_>
				<distCorrectionY_>0</distCorrectionY_>
				<vertOffsetCorrection_>0</vertOffsetCorrection_>
				<horizOffsetCorrection_>0</horizOffsetCorrection_>
				<focalDistance_>0</focalDistance_>
				<focalSlope_>0</focalSlope_>
			</px>
		</item>
		<item>
			<px class_id_reference="9" object_id="_11">
				<id_>10</id_>
				<rotCorrection_>0</rotCorrection_>
				<vertCorrection_>-5</vertCorrection_>
				<distCorrection_>0</distCorrection_>
				<distCorrectionX_>0</distCorrectionX_>
				<distCorrectionY_>0</distCorrectionY_>
				<vertOffsetCorrection_>0</vertOffsetCorrection_>
				<horizOffsetCorrection_>0</horizOffsetCorrection_>
				<focalDistance_>0</focalDistance_>
				<focalSlope_>0</focalSlope_>
			</px>
		</item>
		<item>
			<px class_id_reference="9" object_id="_12">
				<id_>11</id_>
				<rotCorrection_>0</rotCorrection_>
				<vertCorrection_>11</vertCorrection_>
				<distCorrection_>0</distCorrection_>
				<distCorrectionX_>0</distCorrectionX_>
				<distCorrectionY_>0</distCorrectionY_>
				<vertOffsetCorrection_>0</vertOffsetCorrection_>
				<horizOffsetCorrection_>0</horizOffsetCorrection_>
				<focalDistance_>0</focalDistance_>
				<focalSlope_>0</focalSlope_>
			</px>
		</item>
		<item>
			<px class_id_reference="9" object_id="_13">
				<id_>12</id_>
				<rotCorrection_>0</rotCorrection_>
				<vertCorrection_>-3</vertCorrection_>
				<distCorrection_>0</distCorrection_>
				<distCorrectionX_>0</distCorrectionX_>
				<distCorrectionY_>0</distCorrectionY_>
				<vertOffsetCorrection_>0</vertOffsetCorrection_>
				<horizOffsetCorrection_>0</horizOffsetCorrection_>
				<focalDistance_>0</focalDistance_>
				<focalSlope_>0</focalSlope_>
			</px>
		</item>
		<item>
			<px class_id_reference="9" object_id="_14">
				<id_>13</id_>
				<rotCorrection_>0</rotCorrection_>
				<vertCorrection_>13</vertCorrection_>
				<distCorrection_>0</distCorrection_>
				<distCorrectionX_>0</distCorrectionX_>
				<distCorrectionY_>0</distCorrectionY_>
				<vertOffsetCorrection_>0</vertOffsetCorrection_>
				<horizOffsetCorrection_>0</horizOffsetCorrection_>
				<focalDistance_>0</focalDistance_>
				<focalSlope_>0</focalSlope_>
			</px>
		</item>
		<item>
			<px class_id_reference="9" object_id="_15">
				<id_>14</id_>
				<rotCorrection_>0</rotCorrection_>
				<vertCorrection_>-1</vertCorrection_>
				<distCorrection_>0</distCorrection_>
				<distCorrectionX_>0</distCorrectionX_>
				<distCorrectionY_>0</distCorrectionY_>
				<vertOffsetCorrection_>0</vertOffsetCorrection_>
				<horizOffsetCorrection_>0</horizOffsetCorrection_>
				<focalDistance_>0</focalDistance_>
				<focalSlope_>0</focalSlope_>
			</px>
		</item>
		<item>
			<px class_id_reference="9" object_id="_16">
				<id_>15</id_>
				<rotCorrection_>0</rotCorrection_>
				<vertCorrection_>15</vertCorrection_>
				<distCorrection_>0</distCorrection_>
				<distCorrectionX_>0</distCorrectionX_>
				<distCorrectionY_>0</distCorrectionY_>
				<vertOffsetCorrection_>0</vertOffsetCorrection_>
				<horizOffsetCorrection_>0</horizOffsetCorrection_>
				<focalDistance_>0</focalDistance_>
				<focalSlope_>0</focalSlope_>
			</px>
		</item>
		<item>
			<px class_id_reference="9" object_id="_17">
				<id_>16</id_>
				<rotCorrection_>0</rotCorrection_>
				<vertCorrection_>-15</vertCorrection_>
				<distCorrection_>0</distCorrection_>
				<distCorrectionX_>0</distCorrectionX_>
				<distCorrectionY_>0</distCorrectionY_>
				<vertOffsetCorrection_>0</vertOffsetCorrection_>
				<horizOffsetCorrection_>0</horizOffsetCorrection_>
				<focalDistance_>0</focalDistance_>
				<focalSlope_>0</focalSlope_>
			</px>
		</item>
		<item>
			<px class_id_reference="9" object_id="_18">
				<id_>17</id_>
				<rotCorrection_>0</rotCorrection_>
				<vertCorrection_>1</vertCorrection_>
				<distCorrection_>0</distCorrection_>
				<distCorrectionX_>0</distCorrectionX_>
				<distCorrectionY_>0</distCorrectionY_>
				<vertOffsetCorrection_>0</vertOffsetCorrection_>
				<horizOffsetCorrection_>0</horizOffsetCorrection_>
				<focalDistance_>0</focalDistance_>
				<focalSlope_>0</focalSlope_>
			</px>
		</item>
		<item>
			<px class_id_reference="9" object_id="_19">
				<id_>18</id_>
				<rotCorrection_>0</rotCorrection_>
				<vertCorrection_>-13</vertCorrection_>
				<distCorrection_>0</distCorrection_>
				<distCorrectionX_>0</distCorrectionX_>
				<distCorrectionY_>0</distCorrectionY_>
				<vertOffsetCorrection_>0</vertOffsetCorrection_>
				<horizOffsetCorrection_>0</horizOffsetCorrection_>
				<focalDistance_>0</focalDistance_>
				<focalSlope_>0</focalSlope_>
			</px>
		</item>
		<item>
			<px class_id_reference="9" object_id="_20">
				<id_>19</id_>
				<rotCorrection_>0</rotCorrection_>
				<vertCorrection_>3</vertCorrection_>
				<distCorrection_>0</distCorrection_>
				<distCorrectionX_>0</distCorrectionX_>
				<distCorrectionY_>0</distCorrectionY_>
				<vertOffsetCorrection_>0</vertOffsetCorrection_>
				<horizOffsetCorrection_>0</horizOffsetCorrection_>
				<focalDistance_>0</focalDistance_>
				<focalSlope_>0</focalSlope_>
			</px>
		</item>
		<item>
			<px class_id_reference="9" object_id="_21">
				<id_>20</id_>
				<rotCorrection_>0</rotCorrection_>
				<vertCorrection_>-11</vertCorrection_>
				<distCorrection_>0</distCorrection_>
				<distCorrectionX_>0</distCorrectionX_>
				<distCorrectionY_>0</distCorrectionY_>
				<vertOffsetCorrection_>0</vertOffsetCorrection_>
				<horizOffsetCorrection_>0</horizOffsetCorrection_>
				<focalDistance_>0</focalDistance_>
				<focalSlope_>0</focalSlope_>
			</px>
		</item>
		<item>
			<px class_id_reference="9" object_id="_22">
				<id_>21</id_>
				<rotCorrection_>0</rotCorrection_>
				<vertCorrection_>5</vertCorrection_>
				<distCorrection_>0</distCorrection_>
				<distCorrectionX_>0</distCorrectionX_>
				<distCorrectionY_>0</distCorrectionY_>
				<vertOffsetCorrection_>0</vertOffsetCorrection_>
				<horizOffsetCorrection_>0</horizOffsetCorrection_>
				<focalDistance_>0</focalDistance_>
				<focalSlope_>0</focalSlope_>
			</px>
		</item>
		<item>
			<px class_id_reference="9" object_id="_23">
				<id_>22</id_>
				<rotCorrection_>0</rotCorrection_>
				<vertCorrection_>-9</vertCorrection_>
				<distCorrection_>0</distCorrection_>
				<distCorrectionX_>0</distCorrectionX_>
				<distCorrectionY_>0</distCorrectionY_>
				<vertOffsetCorrection_>0</vertOffsetCorrection_>
				<horizOffsetCorrection_>0</horizOffsetCorrection_>
				<focalDistance_>0</focalDistance_>
				<focalSlope_>0</focalSlope_>
			</px>
		</item>
		<item>
			<px class_id_reference="9" object_id="_24">
				<id_>23</id_>
				<rotCorrection_>0</rotCorrection_>
				<vertCorrection_>7</vertCorrection_>
				<distCorrection_>0</distCorrection_>
				<distCorrectionX_>0</distCorrectionX_>
				<distCorrectionY_>0</distCorrectionY_>
				<vertOffsetCorrection_>0</vertOffsetCorrection_>
				<horizOffsetCorrection_>0</horizOffsetCorrection_>
				<focalDistance_>0</focalDistance_>
				<focalSlope_>0</focalSlope_>
			</px>
		</item>
		<item>
			<px class_id_reference="9" object_id="_25">
				<id_>24</id_>
				<rotCorrection_>0</rotCorrection_>
				<vertCorrection_>-7</vertCorrection_>
				<distCorrection_>0</distCorrection_>
				<distCorrectionX_>0</distCorrectionX_>
				<distCorrectionY_>0</distCorrectionY_>
				<vertOffsetCorrection_>0</vertOffsetCorrection_>
				<horizOffsetCorrection_>0</horizOffsetCorrection_>
				<focalDistance_>0</focalDistance_>
				<focalSlope_>0</focalSlope_>
			</px>
		</item>
		<item>
			<px class_id_reference="9" object_id="_26">
				<id_>25</id_>
				<rotCorrection_>0</rotCorrection_>
				<vertCorrection_>9</vertCorrection_>
				<distCorrection_>0</distCorrection_>
				<distCorrectionX_>0</distCorrectionX_>
				<distCorrectionY_>0</distCorrectionY_>
				<vertOffsetCorrection_>0</vertOffsetCorrection_>
				<horizOffsetCorrection_>0</horizOffsetCorrection_>
				<focalDistance_>0</focalDistance_>
				<focalSlope_>0</focalSlope_>
			</px>
		</item>
		<item>
			<px class_id_reference="9" object_id="_27">
				<id_>26</id_>
				<rotCorrection_>0</rotCorrection_>
				<vertCorrection_>-5</vertCorrection_>
				<distCorrection_>0</distCorrection_>
				<distCorrectionX_>0</distCorrectionX_>
				<distCorrectionY_>0</distCorrectionY_>
				<vertOffsetCorrection_>0</vertOffsetCorrection_>
				<horizOffsetCorrection_>0</horizOffsetCorrection_>
				<focalDistance_>0</focalDistance_>
				<focalSlope_>0</focalSlope_>
			</px>
		</item>
		<item>
			<px class_id_reference="9" object_id="_28">
				<id_>27</id_>
				<rotCorrection_>0</rotCorrection_>
				<vertCorrection_>11</vertCorrection_>
				<distCorrection_>0</distCorrection_>
				<distCorrectionX_>0</distCorrectionX_>
				<distCorrectionY_>0</distCorrectionY_>
				<vertOffsetCorrection_>0</vertOffsetCorrection_>
				<horizOffsetCorrection_>0</horizOffsetCorrection_>
				<focalDistance_>0</focalDistance_>
				<focalSlope_>0</focalSlope_>
			</px>
		</item>
		<item>
			<px class_id_reference="9" object_id="_29">
				<id_>28</id_>
				<rotCorrection_>0</rotCorrection_>
				<vertCorrection_>-3</vertCorrection_>
				<distCorrection_>0</distCorrection_>
				<distCorrectionX_>0</distCorrectionX_>
				<distCorrectionY_>0</distCorrectionY_>
				<vertOffsetCorrection_>0</vertOffsetCorrection_>
				<horizOffsetCorrection_>0</horizOffsetCorrection_>
				<focalDistance_>0</focalDistance_>
				<focalSlope_>0</focalSlope_>
			</px>
		</item>
		<item>
			<px class_id_reference="9" object_id="_30">
				<id_>29</id_>
				<rotCorrection_>0</rotCorrection_>
				<vertCorrection_>13</vertCorrection_>
				<distCorrection_>0</distCorrection_>
				<distCorrectionX_>0</distCorrectionX_>
				<distCorrectionY_>0</distCorrectionY_>
				<vertOffsetCorrection_>0</vertOffsetCorrection_>
				<horizOffsetCorrection_>0</horizOffsetCorrection_>
				<focalDistance_>0</focalDistance_>
				<focalSlope_>0</focalSlope_>
			</px>
		</item>
		<item>
			<px class_id_reference="9" object_id="_31">
				<id_>30</id_>
				<rotCorrection_>0</rotCorrection_>
				<vertCorrection_>-1</vertCorrection_>
				<distCorrection_>0</distCorrection_>
				<distCorrectionX_>0</distCorrectionX_>
				<distCorrectionY_>0</distCorrectionY_>
				<vertOffsetCorrection_>0</vertOffsetCorrection_>
				<horizOffsetCorrection_>0</horizOffsetCorrection_>
				<focalDistance_>0</focalDistance_>
				<focalSlope_>0</focalSlope_>
			</px>
		</item>
		<item>
			<px class_id_reference="9" object_id="_32">
				<id_>31</id_>
				<rotCorrection_>0</rotCorrection_>
				<vertCorrection_>15</vertCorrection_>
				<distCorrection_>0</distCorrection_>
				<distCorrectionX_>0</distCorrectionX_>
				<distCorrectionY_>0</distCorrectionY_>
				<vertOffsetCorrection_>0</vertOffsetCorrection_>
				<horizOffsetCorrection_>0</horizOffsetCorrection_>
				<focalDistance_>0</focalDistance_>
				<focalSlope_>0</focalSlope_>
			</px>
		</item>
		<item>
			<px class_id_reference="9" object_id="_33">
				<id_>32</id_>
				<rotCorrection_>0</rotCorrection_>
				<vertCorrection_>0</vertCorrection_>
				<distCorrection_>0</distCorrection_>
				<distCorrectionX_>0</distCorrectionX_>
				<distCorrectionY_>0</distCorrectionY_>
				<vertOffsetCorrection_>0</vertOffsetCorrection_>
				<horizOffsetCorrection_>0</horizOffsetCorrection_>
				<focalDistance_>0</focalDistance_>
				<focalSlope_>0</focalSlope_>
			</px>
		</item>
		<item>
			<px class_id_reference="9" object_id="_34">
				<id_>33</id_>
				<rotCorrection_>0</rotCorrection_>
				<vertCorrection_>0</vertCorrection_>
				<distCorrection_>0</distCorrection_>
				<distCorrectionX_>0</distCorrectionX_>
				<distCorrectionY_>0</distCorrectionY_>
				<vertOffsetCorrection_>0</vertOffsetCorrection_>
				<horizOffsetCorrection_>0</horizOffsetCorrection_>
				<focalDistance_>0</focalDistance_>
				<focalSlope_>0</focalSlope_>
			</px>
		</item>
		<item>
			<px class_id_reference="9" object_id="_35">
				<id_>34</id_>
				<rotCorrection_>0</rotCorrection_>
				<vertCorrection_>0</vertCorrection_>
				<distCorrection_>0</distCorrection_>
				<distCorrectionX_>0</distCorrectionX_>
				<distCorrectionY_>0</distCorrectionY_>
				<vertOffsetCorrection_>0</vertOffsetCorrection_>
				<horizOffsetCorrection_>0</horizOffsetCorrection_>
				<focalDistance_>0</focalDistance_>
				<focalSlope_>0</focalSlope_>
			</px>
		</item>
		<item>
			<px class_id_reference="9" object_id="_36">
				<id_>35</id_>
				<rotCorrection_>0</rotCorrection_>
				<vertCorrection_>0</vertCorrection_>
				<distCorrection_>0</distCorrection_>
				<distCorrectionX_>0</distCorrectionX_>
				<distCorrectionY_>0</distCorrectionY_>
				<vertOffsetCorrection_>0</vertOffsetCorrection_>
				<horizOffsetCorrection_>0</horizOffsetCorrection_>
				<focalDistance_>0</focalDistance_>
				<focalSlope_>0</focalSlope_>
			</px>
		</item>
		<item>
			<px class_id_reference="9" object_id="_37">
				<id_>36</id_>
				<rotCorrection_>0</rotCorrection_>
				<vertCorrection_>0</vertCorrection_>
				<distCorrection_>0</distCorrection_>
				<distCorrectionX_>0</distCorrectionX_>
				<distCorrectionY_>0</distCorrectionY_>
				<vertOffsetCorrection_>0</vertOffsetCorrection_>
				<horizOffsetCorrection_>0</horizOffsetCorrection_>
				<focalDistance_>0</focalDistance_>
				<focalSlope_>0</focalSlope_>
			</px>
		</item>
		<item>
			<px class_id_reference="9" object_id="_38">
				<id_>37</id_>
				<rotCorrection_>0</rotCorrection_>
				<vertCorrection_>0</vertCorrection_>
				<distCorrection_>0</distCorrection_>
				<distCorrectionX_>0</distCorrectionX_>
				<distCorrectionY_>0</distCorrectionY_>
				<vertOffsetCorrection_>0</vertOffsetCorrection_>
				<horizOffsetCorrection_>0</horizOffsetCorrection_>
				<focalDistance_>0</focalDistance_>
				<focalSlope_>0</focalSlope_>
			</px>
		</item>
		<item>
			<px class_id_reference="9" object_id="_39">
				<id_>38</id_>
				<rotCorrection_>0</rotCorrection_>
				<vertCorrection_>0</vertCorrection_>
				<distCorrection_>0</distCorrection_>
				<distCorrectionX_>0</distCorrectionX_>
				<distCorrectionY_>0</distCorrectionY_>
				<vertOffsetCorrection_>0</vertOffsetCorrection_>
				<horizOffsetCorrection_>0</horizOffsetCorrection_>
				<focalDistance_>0</focalDistance_>
				<focalSlope_>0</focalSlope_>
			</px>
		</item>
		<item>
			<px class_id_reference="9" object_id="_40">
				<id_>39</id_>
				<rotCorrection_>0</rotCorrection_>
				<vertCorrection_>0</vertCorrection_>
				<distCorrection_>0</distCorrection_>
				<distCorrectionX_>0</distCorrectionX_>
				<distCorrectionY_>0</distCorrectionY_>
				<vertOffsetCorrection_>0</vertOffsetCorrection_>
				<horizOffsetCorrection_>0</horizOffsetCorrection_>
				<focalDistance_>0</focalDistance_>
				<focalSlope_>0</focalSlope_>
			</px>
		</item>
		<item>
			<px class_id_reference="9" object_id="_41">
				<id_>40</id_>
				<rotCorrection_>0</rotCorrection_>
				<vertCorrection_>0</vertCorrection_>
				<distCorrection_>0</distCorrection_>
				<distCorrectionX_>0</distCorrectionX_>
				<distCorrectionY_>0</distCorrectionY_>
				<vertOffsetCorrection_>0</vertOffsetCorrection_>
				<horizOffsetCorrection_>0</horizOffsetCorrection_>
				<focalDistance_>0</focalDistance_>
				<focalSlope_>0</focalSlope_>
			</px>
		</item>
		<item>
			<px class_id_reference="9" object_id="_42">
				<id_>41</id_>
				<rotCorrection_>0</rotCorrection_>
				<vertCorrection_>0</vertCorrection_>
				<distCorrection_>0</distCorrection_>
				<distCorrectionX_>0</distCorrectionX_>
				<distCorrectionY_>0</distCorrectionY_>
				<vertOffsetCorrection_>0</vertOffsetCorrection_>
				<horizOffsetCorrection_>0</horizOffsetCorrection_>
				<focalDistance_>0</focalDistance_>
				<focalSlope_>0</focalSlope_>
			</px>
		</item>
		<item>
			<px class_id_reference="9" object_id="_43">
				<id_>42</id_>
				<rotCorrection_>0</rotCorrection_>
				<vertCorrection_>0</vertCorrection_>
				<distCorrection_>0</distCorrection_>
				<distCorrectionX_>0</distCorrectionX_>
				<distCorrectionY_>0</distCorrectionY_>
				<vertOffsetCorrection_>0</vertOffsetCorrection_>
				<horizOffsetCorrection_>0</horizOffsetCorrection_>
				<focalDistance_>0</focalDistance_>
				<focalSlope_>0</focalSlope_>
			</px>
		</item>
		<item>
			<px class_id_reference="9" object_id="_44">
				<id_>43</id_>
				<rotCorrection_>0</rotCorrection_>
				<vertCorrection_>0</vertCorrection_>
				<distCorrection_>0</distCorrection_>
				<distCorrectionX_>0</distCorrectionX_>
				<distCorrectionY_>0</distCorrectionY_>
				<vertOffsetCorrection_>0</vertOffsetCorrection_>
				<horizOffsetCorrection_>0</horizOffsetCorrection_>
				<focalDistance_>0</focalDistance_>
				<focalSlope_>0</focalSlope_>
			</px>
		</item>
		<item>
			<px class_id_reference="9" object_id="_45">
				<id_>44</id_>
				<rotCorrection_>0</rotCorrection_>
				<vertCorrection_>0</vertCorrection_>
				<distCorrection_>0</distCorrection_>
				<distCorrectionX_>0</distCorrectionX_>
				<distCorrectionY_>0</distCorrectionY_>
				<vertOffsetCorrection_>0</vertOffsetCorrection_>
				<horizOffsetCorrection_>0</horizOffsetCorrection_>
				<focalDistance_>0</focalDistance_>
				<focalSlope_>0</focalSlope_>
			</px>
		</item>
		<item>
			<px class_id_reference="9" object_id="_46">
				<id_>45</id_>
				<rotCorrection_>0</rotCorrection_>
				<vertCorrection_>0</vertCorrection_>
				<distCorrection_>0</distCorrection_>
				<distCorrectionX_>0</distCorrectionX_>
				<distCorrectionY_>0</distCorrectionY_>
				<vertOffsetCorrection_>0</vertOffsetCorrection_>
				<horizOffsetCorrection_>0</horizOffsetCorrection_>
				<focalDistance_>0</focalDistance_>
				<focalSlope_>0</focalSlope_>
			</px>
		</item>
		<item>
			<px class_id_reference="9" object_id="_47">
				<id_>46</id_>
				<rotCorrection_>0</rotCorrection_>
				<vertCorrection_>0</vertCorrection_>
				<distCorrection_>0</distCorrection_>
				<distCorrectionX_>0</distCorrectionX_>
				<distCorrectionY_>0</distCorrectionY_>
				<vertOffsetCorrection_>0</vertOffsetCorrection_>
				<horizOffsetCorrection_>0</horizOffsetCorrection_>
				<focalDistance_>0</focalDistance_>
				<focalSlope_>0</focalSlope_>
			</px>
		</item>
		<item>
			<px class_id_reference="9" object_id="_48">
				<id_>47</id_>
				<rotCorrection_>0</rotCorrection_>
				<vertCorrection_>0</vertCorrection_>
				<distCorrection_>0</distCorrection_>
				<distCorrectionX_>0</distCorrectionX_>
				<distCorrectionY_>0</distCorrectionY_>
				<vertOffsetCorrection_>0</vertOffsetCorrection_>
				<horizOffsetCorrection_>0</horizOffsetCorrection_>
				<focalDistance_>0</focalDistance_>
				<focalSlope_>0</focalSlope_>
			</px>
		</item>
		<item>
			<px class_id_reference="9" object_id="_49">
				<id_>48</id_>
				<rotCorrection_>0</rotCorrection_>
				<vertCorrection_>0</vertCorrection_>
				<distCorrection_>0</distCorrection_>
				<distCorrectionX_>0</distCorrectionX_>
				<distCorrectionY_>0</distCorrectionY_>
				<vertOffsetCorrection_>0</vertOffsetCorrection_>
				<horizOffsetCorrection_>0</horizOffsetCorrection_>
				<focalDistance_>0</focalDistance_>
				<focalSlope_>0</focalSlope_>
			</px>
		</item>
		<item>
			<px class_id_reference="9" object_id="_50">
				<id_>49</id_>
				<rotCorrection_>0</rotCorrection_>
				<vertCorrection_>0</vertCorrection_>
				<distCorrection_>0</distCorrection_>
				<distCorrectionX_>0</distCorrectionX_>
				<distCorrectionY_>0</distCorrectionY_>
				<vertOffsetCorrection_>0</vertOffsetCorrection_>
				<horizOffsetCorrection_>0</horizOffsetCorrection_>
				<focalDistance_>0</focalDistance_>
				<focalSlope_>0</focalSlope_>
			</px>
		</item>
		<item>
			<px class_id_reference="9" object_id="_51">
				<id_>50</id_>
				<rotCorrection_>0</rotCorrection_>
				<vertCorrection_>0</vertCorrection_>
				<distCorrection_>0</distCorrection_>
				<distCorrectionX_>0</distCorrectionX_>
				<distCorrectionY_>0</distCorrectionY_>
				<vertOffsetCorrection_>0</vertOffsetCorrection_>
				<horizOffsetCorrection_>0</horizOffsetCorrection_>
				<focalDistance_>0</focalDistance_>
				<focalSlope_>0</focalSlope_>
			</px>
		</item>
		<item>
			<px class_id_reference="9" object_id="_52">
				<id_>51</id_>
				<rotCorrection_>0</rotCorrection_>
				<vertCorrection_>0</vertCorrection_>
				<distCorrection_>0</distCorrection_>
				<distCorrectionX_>0</distCorrectionX_>
				<distCorrectionY_>0</distCorrectionY_>
				<vertOffsetCorrection_>0</vertOffsetCorrection_>
				<horizOffsetCorrection_>0</horizOffsetCorrection_>
				<focalDistance_>0</focalDistance_>
				<focalSlope_>0</focalSlope_>
			</px>
		</item>
		<item>
			<px class_id_reference="9" object_id="_53">
				<id_>52</id_>
				<rotCorrection_>0</rotCorrection_>
				<vertCorrection_>0</vertCorrection_>
				<distCorrection_>0</distCorrection_>
				<distCorrectionX_>0</distCorrectionX_>
				<distCorrectionY_>0</distCorrectionY_>
				<vertOffsetCorrection_>0</vertOffsetCorrection_>
				<horizOffsetCorrection_>0</horizOffsetCorrection_>
				<focalDistance_>0</focalDistance_>
				<focalSlope_>0</focalSlope_>
			</px>
		</item>
		<item>
			<px class_id_reference="9" object_id="_54">
				<id_>53</id_>
				<rotCorrection_>0</rotCorrection_>
				<vertCorrection_>0</vertCorrection_>
				<distCorrection_>0</distCorrection_>
				<distCorrectionX_>0</distCorrectionX_>
				<distCorrectionY_>0</distCorrectionY_>
				<vertOffsetCorrection_>0</vertOffsetCorrection_>
				<horizOffsetCorrection_>0</horizOffsetCorrection_>
				<focalDistance_>0</focalDistance_>
				<focalSlope_>0</focalSlope_>
			</px>
		</item>
		<item>
			<px class_id_reference="9" object_id="_55">
				<id_>54</id_>
				<rotCorrection_>0</rotCorrection_>
				<vertCorrection_>0</vertCorrection_>
				<distCorrection_>0</distCorrection_>
				<distCorrectionX_>0</distCorrectionX_>
				<distCorrectionY_>0</distCorrectionY_>
				<vertOffsetCorrection_>0</vertOffsetCorrection_>
				<horizOffsetCorrection_>0</horizOffsetCorrection_>
				<focalDistance_>0</focalDistance_>
				<focalSlope_>0</focalSlope_>
			</px>
		</item>
		<item>
			<px class_id_reference="9" object_id="_56">
				<id_>55</id_>
				<rotCorrection_>0</rotCorrection_>
				<vertCorrection_>0</vertCorrection_>
				<distCorrection_>0</distCorrection_>
				<distCorrectionX_>0</distCorrectionX_>
				<distCorrectionY_>0</distCorrectionY_>
				<vertOffsetCorrection_>0</vertOffsetCorrection_>
				<horizOffsetCorrection_>0</horizOffsetCorrection_>
				<focalDistance_>0</focalDistance_>
				<focalSlope_>0</focalSlope_>
			</px>
		</item>
		<item>
			<px class_id_reference="9" object_id="_57">
				<id_>56</id_>
				<rotCorrection_>0</rotCorrection_>
				<vertCorrection_>0</vertCorrection_>
				<distCorrection_>0</distCorrection_>
				<distCorrectionX_>0</distCorrectionX_>
				<distCorrectionY_>0</distCorrectionY_>
				<vertOffsetCorrection_>0</vertOffsetCorrection_>
				<horizOffsetCorrection_>0</horizOffsetCorrection_>
				<focalDistance_>0</focalDistance_>
				<focalSlope_>0</focalSlope_>
			</px>
		</item>
		<item>
			<px class_id_reference="9" object_id="_58">
				<id_>57</id_>
				<rotCorrection_>0</rotCorrection_>
				<vertCorrection_>0</vertCorrection_>
				<distCorrection_>0</distCorrection_>
				<distCorrectionX_>0</distCorrectionX_>
				<distCorrectionY_>0</distCorrectionY_>
				<vertOffsetCorrection_>0</vertOffsetCorrection_>
				<horizOffsetCorrection_>0</horizOffsetCorrection_>
				<focalDistance_>0</focalDistance_>
				<focalSlope_>0</focalSlope_>
			</px>
		</item>
		<item>
			<px class_id_reference="9" object_id="_59">
				<id_>58</id_>
				<rotCorrection_>0</rotCorrection_>
				<vertCorrection_>0</vertCorrection_>
				<distCorrection_>0</distCorrection_>
				<distCorrectionX_>0</distCorrectionX_>
				<distCorrectionY_>0</distCorrectionY_>
				<vertOffsetCorrection_>0</vertOffsetCorrection_>
				<horizOffsetCorrection_>0</horizOffsetCorrection_>
				<focalDistance_>0</focalDistance_>
				<focalSlope_>0</focalSlope_>
			</px>
		</item>
		<item>
			<px class_id_reference="9" object_id="_60">
				<id_>59</id_>
				<rotCorrection_>0</rotCorrection_>
				<vertCorrection_>0</vertCorrection_>
				<distCorrection_>0</distCorrection_>
				<distCorrectionX_>0</distCorrectionX_>
				<distCorrectionY_>0</distCorrectionY_>
				<vertOffsetCorrection_>0</vertOffsetCorrection_>
				<horizOffsetCorrection_>0</horizOffsetCorrection_>
				<focalDistance_>0</focalDistance_>
				<focalSlope_>0</focalSlope_>
			</px>
		</item>
		<item>
			<px class_id_reference="9" object_id="_61">
				<id_>60</id_>
				<rotCorrection_>0</rotCorrection_>
				<vertCorrection_>0</vertCorrection_>
				<distCorrection_>0</distCorrection_>
				<distCorrectionX_>0</distCorrectionX_>
				<distCorrectionY_>0</distCorrectionY_>
				<vertOffsetCorrection_>0</vertOffsetCorrection_>
				<horizOffsetCorrection_>0</horizOffsetCorrection_>
				<focalDistance_>0</focalDistance_>
				<focalSlope_>0</focalSlope_>
			</px>
		</item>
		<item>
			<px class_id_reference="9" object_id="_62">
				<id_>61</id_>
				<rotCorrection_>0</rotCorrection_>
				<vertCorrection_>0</vertCorrection_>
				<distCorrection_>0</distCorrection_>
				<distCorrectionX_>0</distCorrectionX_>
				<distCorrectionY_>0</distCorrectionY_>
				<vertOffsetCorrection_>0</vertOffsetCorrection_>
				<horizOffsetCorrection_>0</horizOffsetCorrection_>
				<focalDistance_>0</focalDistance_>
				<focalSlope_>0</focalSlope_>
			</px>
		</item>
		<item>
			<px class_id_reference="9" object_id="_63">
				<id_>62</id_>
				<rotCorrection_>0</rotCorrection_>
				<vertCorrection_>0</vertCorrection_>
				<distCorrection_>0</distCorrection_>
				<distCorrectionX_>0</distCorrectionX_>
				<distCorrectionY_>0</distCorrectionY_>
				<vertOffsetCorrection_>0</vertOffsetCorrection_>
				<horizOffsetCorrection_>0</horizOffsetCorrection_>
				<focalDistance_>0</focalDistance_>
				<focalSlope_>0</focalSlope_>
			</px>
		</item>
		<item>
			<px class_id_reference="9" object_id="_64">
				<id_>63</id_>
				<rotCorrection_>0</rotCorrection_>
				<vertCorrection_>0</vertCorrection_>
				<distCorrection_>0</distCorrection_>
				<distCorrectionX_>0</distCorrectionX_>
				<distCorrectionY_>0</distCorrectionY_>
				<vertOffsetCorrection_>0</vertOffsetCorrection_>
				<horizOffsetCorrection_>0</horizOffsetCorrection_>
				<focalDistance_>0</focalDistance_>
				<focalSlope_>0</focalSlope_>
			</px>
		</item>
	</points_>
</DB>
</boost_serialization>
